id,version,username,password,role,active,employeeId
U0001,1,e0001,e0001@123,EMPLOYEE,true,E0001
U0002,1,e0002,e0002@123,EMPLOYEE,true,E0002
U0003,1,e0003,e0003@123,EMPLOYEE,true,E0003
U0004,1,e0004,e0004@123,EMPLOYEE,true,E0004
U0005,1,e0005,e0005@123,EMPLOYEE,true,E0005
U0006,1,e0006,e0006@123,EMPLOYEE,true,E0006
U0007,1,e0007,e0007@123,EMPLOYEE,true,E0007
U0008,1,e0008,e0008@123,EMPLOYEE,true,E0008
U0009,1,e0009,e0009@123,EMPLOYEE,true,E0009
U0010,1,e0010,e0010@123,EMPLOYEE,true,E0010
U0011,1,e0011,e0011@123,EMPLOYEE,true,E0011
U0012,1,e0012,e0012@123,EMPLOYEE,true,E0012
U0013,1,e0013,e0013@123,EMPLOYEE,true,E0013
U0014,1,e0014,e0014@123,EMPLOYEE,true,E0014
U0015,1,e0015,e0015@123,EMPLOYEE,true,E0015
U0016,1,e0016,e0016@123,EMPLOYEE,true,E0016
U0017,1,e0017,e0017@123,EMPLOYEE,true,E0017
U0018,1,e0018,e0018@123,EMPLOYEE,true,E0018
U0019,1,e0019,e0019@123,EMPLOYEE,true,E0019
U0020,1,e0020,e0020@123,EMPLOYEE,true,E0020
U0021,1,e0021,e0021@123,EMPLOYEE,true,E0021
U0022,1,e0022,e0022@123,EMPLOYEE,true,E0022
U0023,1,e0023,e0023@123,EMPLOYEE,true,E0023
U0024,1,e0024,e0024@123,EMPLOYEE,true,E0024
U0025,1,e0025,e0025@123,EMPLOYEE,true,E0025
U0026,1,e0026,e0026@123,EMPLOYEE,true,E0026
U0027,1,e0027,e0027@123,EMPLOYEE,true,E0027
U0028,1,e0028,e0028@123,EMPLOYEE,true,E0028
U0029,1,e0029,e0029@123,EMPLOYEE,true,E0029
U0030,1,e0030,e0030@123,EMPLOYEE,true,E0030
U0031,1,e0031,e0031@123,EMPLOYEE,true,E0031
U0032,1,e0032,e0032@123,EMPLOYEE,true,E0032
U0033,1,e0033,e0033@123,EMPLOYEE,true,E0033
U0034,1,e0034,e0034@123,EMPLOYEE,true,E0034
U0035,1,e0035,e0035@123,EMPLOYEE,true,E0035
U0036,1,e0036,e0036@123,EMPLOYEE,true,E0036
U0037,1,e0037,e0037@123,EMPLOYEE,true,E0037
U0038,1,e0038,e0038@123,EMPLOYEE,true,E0038
U0039,1,e0039,e0039@123,EMPLOYEE,true,E0039
U0040,1,e0040,e0040@123,EMPLOYEE,true,E0040
U0041,1,e0041,e0041@123,EMPLOYEE,true,E0041
U0042,1,e0042,e0042@123,EMPLOYEE,true,E0042
U0043,1,e0043,e0043@123,EMPLOYEE,true,E0043
U0044,1,e0044,e0044@123,EMPLOYEE,true,E0044
U0045,1,e0045,e0045@123,EMPLOYEE,true,E0045
U0046,1,e0046,e0046@123,EMPLOYEE,true,E0046
U0047,1,e0047,e0047@123,EMPLOYEE,true,E0047
U0048,1,e0048,e0048@123,EMPLOYEE,true,E0048
U0049,1,e0049,e0049@123,EMPLOYEE,true,E0049
U0050,1,e0050,e0050@123,EMPLOYEE,true,E0050
U0051,1,e0051,e0051@123,EMPLOYEE,true,E0051
U0052,1,e0052,e0052@123,EMPLOYEE,true,E0052
U0053,1,e0053,e0053@123,EMPLOYEE,true,E0053
U0054,1,e0054,e0054@123,EMPLOYEE,true,E0054
U0055,1,e0055,e0055@123,EMPLOYEE,true,E0055
U0056,1,e0056,e0056@123,EMPLOYEE,true,E0056
U0057,1,e0057,e0057@123,EMPLOYEE,true,E0057
U0058,1,e0058,e0058@123,EMPLOYEE,true,E0058
U0059,1,e0059,e0059@123,EMPLOYEE,true,E0059
U0060,1,e0060,e0060@123,EMPLOYEE,true,E0060
U0061,1,e0061,e0061@123,EMPLOYEE,true,E0061
U0062,1,e0062,e0062@123,EMPLOYEE,true,E0062
U0063,1,e0063,e0063@123,EMPLOYEE,true,E0063
U0064,1,e0064,e0064@123,EMPLOYEE,true,E0064
U0065,1,e0065,e0065@123,EMPLOYEE,true,E0065
U0066,1,e0066,e0066@123,EMPLOYEE,true,E0066
U0067,1,e0067,e0067@123,EMPLOYEE,true,E0067
U0068,1,e0068,e0068@123,EMPLOYEE,true,E0068
U0069,1,e0069,e0069@123,EMPLOYEE,true,E0069
U0070,1,e0070,e0070@123,EMPLOYEE,true,E0070
U0071,1,e0071,e0071@123,EMPLOYEE,true,E0071
U0072,1,e0072,e0072@123,EMPLOYEE,true,E0072
U0073,1,e0073,e0073@123,EMPLOYEE,true,E0073
U0074,1,e0074,e0074@123,EMPLOYEE,true,E0074
U0075,1,e0075,e0075@123,EMPLOYEE,true,E0075
U0076,1,e0076,e0076@123,EMPLOYEE,true,E0076
U0077,1,e0077,e0077@123,EMPLOYEE,true,E0077
U0078,1,e0078,e0078@123,EMPLOYEE,true,E0078
U0079,1,e0079,e0079@123,EMPLOYEE,true,E0079
U0080,1,e0080,e0080@123,EMPLOYEE,true,E0080
U0081,1,e0081,e0081@123,EMPLOYEE,true,E0081
U0082,1,e0082,e0082@123,EMPLOYEE,true,E0082
U0083,1,e0083,e0083@123,EMPLOYEE,true,E0083
U0084,1,e0084,e0084@123,EMPLOYEE,true,E0084
U0085,1,e0085,e0085@123,EMPLOYEE,true,E0085
U0086,1,e0086,e0086@123,EMPLOYEE,true,E0086
U0087,1,e0087,e0087@123,EMPLOYEE,true,E0087
U0088,1,e0088,e0088@123,EMPLOYEE,true,E0088
U0089,1,e0089,e0089@123,EMPLOYEE,true,E0089
U0090,1,e0090,e0090@123,EMPLOYEE,true,E0090
U0091,1,e0091,e0091@123,EMPLOYEE,true,E0091
U0092,1,e0092,e0092@123,EMPLOYEE,true,E0092
U0093,1,e0093,e0093@123,EMPLOYEE,true,E0093
U0094,1,e0094,e0094@123,EMPLOYEE,true,E0094
U0095,1,e0095,e0095@123,EMPLOYEE,true,E0095
U0096,1,e0096,e0096@123,EMPLOYEE,true,E0096
U0097,1,e0097,e0097@123,EMPLOYEE,true,E0097
U0098,1,e0098,e0098@123,EMPLOYEE,true,E0098
U0099,1,e0099,e0099@123,EMPLOYEE,true,E0099
U0100,1,e0100,e0100@123,EMPLOYEE,true,E0100
U0101,1,e0101,e0101@123,EMPLOYEE,true,E0101
U0102,1,e0102,e0102@123,EMPLOYEE,true,E0102
U0103,1,e0103,e0103@123,EMPLOYEE,true,E0103
U0104,1,e0104,e0104@123,EMPLOYEE,true,E0104
U0105,1,e0105,e0105@123,EMPLOYEE,true,E0105
U0106,1,e0106,e0106@123,EMPLOYEE,true,E0106
U0107,1,e0107,e0107@123,EMPLOYEE,true,E0107
U0108,1,e0108,e0108@123,EMPLOYEE,true,E0108
U0109,1,e0109,e0109@123,EMPLOYEE,true,E0109
U0110,1,e0110,e0110@123,EMPLOYEE,true,E0110
U0111,1,e0111,e0111@123,EMPLOYEE,true,E0111
U0112,1,e0112,e0112@123,EMPLOYEE,true,E0112
U0113,1,e0113,e0113@123,EMPLOYEE,true,E0113
U0114,1,e0114,e0114@123,EMPLOYEE,true,E0114
U0115,1,e0115,e0115@123,EMPLOYEE,true,E0115
U0116,1,e0116,e0116@123,EMPLOYEE,true,E0116
U0117,1,e0117,e0117@123,EMPLOYEE,true,E0117
U0118,1,e0118,e0118@123,EMPLOYEE,true,E0118
U0119,1,e0119,e0119@123,EMPLOYEE,true,E0119
U0120,1,e0120,e0120@123,EMPLOYEE,true,E0120
U0121,1,e0121,e0121@123,EMPLOYEE,true,E0121
U0122,1,e0122,e0122@123,EMPLOYEE,true,E0122
U0123,1,e0123,e0123@123,EMPLOYEE,true,E0123
U0124,1,e0124,e0124@123,EMPLOYEE,true,E0124
U0125,1,e0125,e0125@123,EMPLOYEE,true,E0125
U0126,1,e0126,e0126@123,EMPLOYEE,true,E0126
U0127,1,e0127,e0127@123,EMPLOYEE,true,E0127
U0128,1,e0128,e0128@123,EMPLOYEE,true,E0128
U0129,1,e0129,e0129@123,EMPLOYEE,true,E0129
U0130,1,e0130,e0130@123,EMPLOYEE,true,E0130
U0131,1,e0131,e0131@123,EMPLOYEE,true,E0131
U0132,1,e0132,e0132@123,EMPLOYEE,true,E0132
U0133,1,e0133,e0133@123,EMPLOYEE,true,E0133
U0134,1,e0134,e0134@123,EMPLOYEE,true,E0134
U0135,1,e0135,e0135@123,EMPLOYEE,true,E0135
U0136,1,e0136,e0136@123,EMPLOYEE,true,E0136
U0137,1,e0137,e0137@123,EMPLOYEE,true,E0137
U0138,1,e0138,e0138@123,EMPLOYEE,true,E0138
U0139,1,e0139,e0139@123,EMPLOYEE,true,E0139
U0140,1,e0140,e0140@123,EMPLOYEE,true,E0140
U0141,1,e0141,e0141@123,EMPLOYEE,true,E0141
U0142,1,e0142,e0142@123,EMPLOYEE,true,E0142
U0143,1,e0143,e0143@123,EMPLOYEE,true,E0143
U0144,1,e0144,e0144@123,EMPLOYEE,true,E0144
U0145,1,e0145,e0145@123,EMPLOYEE,true,E0145
U0146,1,e0146,e0146@123,EMPLOYEE,true,E0146
U0147,1,e0147,e0147@123,EMPLOYEE,true,E0147
U0148,1,e0148,e0148@123,EMPLOYEE,true,E0148
U0149,1,e0149,e0149@123,EMPLOYEE,true,E0149
U0150,1,e0150,e0150@123,EMPLOYEE,true,E0150
U0151,1,e0151,e0151@123,EMPLOYEE,true,E0151
U0152,1,e0152,e0152@123,EMPLOYEE,true,E0152
U0153,1,e0153,e0153@123,EMPLOYEE,true,E0153
U0154,1,e0154,e0154@123,EMPLOYEE,true,E0154
U0155,1,e0155,e0155@123,EMPLOYEE,true,E0155
U0156,1,e0156,e0156@123,EMPLOYEE,true,E0156
U0157,1,e0157,e0157@123,EMPLOYEE,true,E0157
U0158,1,e0158,e0158@123,EMPLOYEE,true,E0158
U0159,1,e0159,e0159@123,EMPLOYEE,true,E0159
U0160,1,e0160,e0160@123,EMPLOYEE,true,E0160
U0161,1,e0161,e0161@123,EMPLOYEE,true,E0161
U0162,1,e0162,e0162@123,EMPLOYEE,true,E0162
U0163,1,e0163,e0163@123,EMPLOYEE,true,E0163
U0164,1,e0164,e0164@123,EMPLOYEE,true,E0164
U0165,1,e0165,e0165@123,EMPLOYEE,true,E0165
U0166,1,e0166,e0166@123,EMPLOYEE,true,E0166
U0167,1,e0167,e0167@123,EMPLOYEE,true,E0167
U0168,1,e0168,e0168@123,EMPLOYEE,true,E0168
U0169,1,e0169,e0169@123,EMPLOYEE,true,E0169
U0170,1,e0170,e0170@123,EMPLOYEE,true,E0170
U0171,1,e0171,e0171@123,EMPLOYEE,true,E0171
U0172,1,e0172,e0172@123,EMPLOYEE,true,E0172
U0173,1,e0173,e0173@123,EMPLOYEE,true,E0173
U0174,1,e0174,e0174@123,EMPLOYEE,true,E0174
U0175,1,e0175,e0175@123,EMPLOYEE,true,E0175
U0176,1,e0176,e0176@123,EMPLOYEE,true,E0176
U0177,1,e0177,e0177@123,EMPLOYEE,true,E0177
U0178,1,e0178,e0178@123,EMPLOYEE,true,E0178
U0179,1,e0179,e0179@123,EMPLOYEE,true,E0179
U0180,1,e0180,e0180@123,EMPLOYEE,true,E0180
U0181,1,e0181,e0181@123,EMPLOYEE,true,E0181
U0182,1,e0182,e0182@123,EMPLOYEE,true,E0182
U0183,1,e0183,e0183@123,EMPLOYEE,true,E0183
U0184,1,e0184,e0184@123,EMPLOYEE,true,E0184
U0185,1,e0185,e0185@123,EMPLOYEE,true,E0185
U0186,1,e0186,e0186@123,EMPLOYEE,true,E0186
U0187,1,e0187,e0187@123,EMPLOYEE,true,E0187
U0188,1,e0188,e0188@123,EMPLOYEE,true,E0188
U0189,1,e0189,e0189@123,EMPLOYEE,true,E0189
U0190,1,e0190,e0190@123,EMPLOYEE,true,E0190
U0191,1,e0191,e0191@123,EMPLOYEE,true,E0191
U0192,1,e0192,e0192@123,EMPLOYEE,true,E0192
U0193,1,e0193,e0193@123,EMPLOYEE,true,E0193
U0194,1,e0194,e0194@123,EMPLOYEE,true,E0194
U0195,1,e0195,e0195@123,EMPLOYEE,true,E0195
U0196,1,e0196,e0196@123,EMPLOYEE,true,E0196
U0197,1,e0197,e0197@123,EMPLOYEE,true,E0197
U0198,1,e0198,e0198@123,EMPLOYEE,true,E0198
U0199,1,e0199,e0199@123,EMPLOYEE,true,E0199
U0200,1,e0200,e0200@123,EMPLOYEE,true,E0200
U0201,1,e0201,e0201@123,EMPLOYEE,true,E0201
U0202,1,e0202,e0202@123,EMPLOYEE,true,E0202
U0203,1,e0203,e0203@123,EMPLOYEE,true,E0203
U0204,1,e0204,e0204@123,EMPLOYEE,true,E0204
U0205,1,e0205,e0205@123,EMPLOYEE,true,E0205
U0206,1,e0206,e0206@123,EMPLOYEE,true,E0206
U0207,1,e0207,e0207@123,EMPLOYEE,true,E0207
U0208,1,e0208,e0208@123,EMPLOYEE,true,E0208
U0209,1,e0209,e0209@123,EMPLOYEE,true,E0209
U0210,1,e0210,e0210@123,EMPLOYEE,true,E0210
U0211,1,e0211,e0211@123,EMPLOYEE,true,E0211
U0212,1,e0212,e0212@123,EMPLOYEE,true,E0212
U0213,1,e0213,e0213@123,EMPLOYEE,true,E0213
U0214,1,e0214,e0214@123,EMPLOYEE,true,E0214
U0215,1,e0215,e0215@123,EMPLOYEE,true,E0215
U0216,1,e0216,e0216@123,EMPLOYEE,true,E0216
U0217,1,e0217,e0217@123,EMPLOYEE,true,E0217
U0218,1,e0218,e0218@123,EMPLOYEE,true,E0218
U0219,1,e0219,e0219@123,EMPLOYEE,true,E0219
U0220,1,e0220,e0220@123,EMPLOYEE,true,E0220
U0221,1,e0221,e0221@123,EMPLOYEE,true,E0221
U0222,1,e0222,e0222@123,EMPLOYEE,true,E0222
U0223,1,e0223,e0223@123,EMPLOYEE,true,E0223
U0224,1,e0224,e0224@123,EMPLOYEE,true,E0224
U0225,1,e0225,e0225@123,EMPLOYEE,true,E0225
U0226,1,e0226,e0226@123,EMPLOYEE,true,E0226
U0227,1,e0227,e0227@123,EMPLOYEE,true,E0227
U0228,1,e0228,e0228@123,EMPLOYEE,true,E0228
U0229,1,e0229,e0229@123,EMPLOYEE,true,E0229
U0230,1,e0230,e0230@123,EMPLOYEE,true,E0230
U0231,1,e0231,e0231@123,EMPLOYEE,true,E0231
U0232,1,e0232,e0232@123,EMPLOYEE,true,E0232
U0233,1,e0233,e0233@123,EMPLOYEE,true,E0233
U0234,1,e0234,e0234@123,EMPLOYEE,true,E0234
U0235,1,e0235,e0235@123,EMPLOYEE,true,E0235
U0236,1,e0236,e0236@123,EMPLOYEE,true,E0236
U0237,1,e0237,e0237@123,EMPLOYEE,true,E0237
U0238,1,e0238,e0238@123,EMPLOYEE,true,E0238
U0239,1,e0239,e0239@123,EMPLOYEE,true,E0239
U0240,1,e0240,e0240@123,EMPLOYEE,true,E0240
U0241,1,e0241,e0241@123,EMPLOYEE,true,E0241
U0242,1,e0242,e0242@123,EMPLOYEE,true,E0242
U0243,1,e0243,e0243@123,EMPLOYEE,true,E0243
U0244,1,e0244,e0244@123,EMPLOYEE,true,E0244
U0245,1,e0245,e0245@123,EMPLOYEE,true,E0245
U0246,1,e0246,e0246@123,EMPLOYEE,true,E0246
U0247,1,e0247,e0247@123,EMPLOYEE,true,E0247
U0248,1,e0248,e0248@123,EMPLOYEE,true,E0248
U0249,1,e0249,e0249@123,EMPLOYEE,true,E0249
U0250,1,e0250,e0250@123,EMPLOYEE,true,E0250
U0251,1,e0251,e0251@123,EMPLOYEE,true,E0251
U0252,1,e0252,e0252@123,EMPLOYEE,true,E0252
U0253,1,e0253,e0253@123,EMPLOYEE,true,E0253
U0254,1,e0254,e0254@123,EMPLOYEE,true,E0254
U0255,1,e0255,e0255@123,EMPLOYEE,true,E0255
U0256,1,e0256,e0256@123,EMPLOYEE,true,E0256
U0257,1,e0257,e0257@123,EMPLOYEE,true,E0257
U0258,1,e0258,e0258@123,EMPLOYEE,true,E0258
U0259,1,e0259,e0259@123,EMPLOYEE,true,E0259
U0260,1,e0260,e0260@123,EMPLOYEE,true,E0260
U0261,1,e0261,e0261@123,EMPLOYEE,true,E0261
U0262,1,e0262,e0262@123,EMPLOYEE,true,E0262
U0263,1,e0263,e0263@123,EMPLOYEE,true,E0263
U0264,1,e0264,e0264@123,EMPLOYEE,true,E0264
U0265,1,e0265,e0265@123,EMPLOYEE,true,E0265
U0266,1,e0266,e0266@123,EMPLOYEE,true,E0266
U0267,1,e0267,e0267@123,EMPLOYEE,true,E0267
U0268,1,e0268,e0268@123,EMPLOYEE,true,E0268
U0269,1,e0269,e0269@123,EMPLOYEE,true,E0269
U0270,1,e0270,e0270@123,EMPLOYEE,true,E0270
U0271,1,e0271,e0271@123,EMPLOYEE,true,E0271
U0272,1,e0272,e0272@123,EMPLOYEE,true,E0272
U0273,1,e0273,e0273@123,EMPLOYEE,true,E0273
U0274,1,e0274,e0274@123,EMPLOYEE,true,E0274
U0275,1,e0275,e0275@123,EMPLOYEE,true,E0275
U0276,1,e0276,e0276@123,EMPLOYEE,true,E0276
U0277,1,e0277,e0277@123,EMPLOYEE,true,E0277
U0278,1,e0278,e0278@123,EMPLOYEE,true,E0278
U0279,1,e0279,e0279@123,EMPLOYEE,true,E0279
U0280,1,e0280,e0280@123,EMPLOYEE,true,E0280
U0281,1,e0281,e0281@123,EMPLOYEE,true,E0281
U0282,1,e0282,e0282@123,EMPLOYEE,true,E0282
U0283,1,e0283,e0283@123,EMPLOYEE,true,E0283
U0284,1,e0284,e0284@123,EMPLOYEE,true,E0284
U0285,1,e0285,e0285@123,EMPLOYEE,true,E0285
U0286,1,e0286,e0286@123,EMPLOYEE,true,E0286
U0287,1,e0287,e0287@123,EMPLOYEE,true,E0287
U0288,1,e0288,e0288@123,EMPLOYEE,true,E0288
U0289,1,e0289,e0289@123,EMPLOYEE,true,E0289
U0290,1,e0290,e0290@123,EMPLOYEE,true,E0290
U0291,1,e0291,e0291@123,EMPLOYEE,true,E0291
U0292,1,e0292,e0292@123,EMPLOYEE,true,E0292
U0293,1,e0293,e0293@123,EMPLOYEE,true,E0293
U0294,1,e0294,e0294@123,EMPLOYEE,true,E0294
U0295,1,e0295,e0295@123,EMPLOYEE,true,E0295
U0296,1,e0296,e0296@123,EMPLOYEE,true,E0296
U0297,1,e0297,e0297@123,EMPLOYEE,true,E0297
U0298,1,e0298,e0298@123,EMPLOYEE,true,E0298
U0299,1,e0299,e0299@123,EMPLOYEE,true,E0299
U0300,1,e0300,e0300@123,EMPLOYEE,true,E0300
U0301,1,e0301,e0301@123,EMPLOYEE,true,E0301
U0302,1,e0302,e0302@123,EMPLOYEE,true,E0302
U0303,1,e0303,e0303@123,EMPLOYEE,true,E0303
U0304,1,e0304,e0304@123,EMPLOYEE,true,E0304
U0305,1,e0305,e0305@123,EMPLOYEE,true,E0305
U0306,1,e0306,e0306@123,EMPLOYEE,true,E0306
U0307,1,e0307,e0307@123,EMPLOYEE,true,E0307
U0308,1,e0308,e0308@123,EMPLOYEE,true,E0308
U0309,1,e0309,e0309@123,EMPLOYEE,true,E0309
U0310,1,e0310,e0310@123,EMPLOYEE,true,E0310
U0311,1,e0311,e0311@123,EMPLOYEE,true,E0311
U0312,1,e0312,e0312@123,EMPLOYEE,true,E0312
U0313,1,e0313,e0313@123,EMPLOYEE,true,E0313
U0314,1,e0314,e0314@123,EMPLOYEE,true,E0314
U0315,1,e0315,e0315@123,EMPLOYEE,true,E0315
U0316,1,e0316,e0316@123,EMPLOYEE,true,E0316
U0317,1,e0317,e0317@123,EMPLOYEE,true,E0317
U0318,1,e0318,e0318@123,EMPLOYEE,true,E0318
U0319,1,e0319,e0319@123,EMPLOYEE,true,E0319
U0320,1,e0320,e0320@123,EMPLOYEE,true,E0320
U0321,1,e0321,e0321@123,EMPLOYEE,true,E0321
U0322,1,e0322,e0322@123,EMPLOYEE,true,E0322
U0323,1,e0323,e0323@123,EMPLOYEE,true,E0323
U0324,1,e0324,e0324@123,EMPLOYEE,true,E0324
U0325,1,e0325,e0325@123,EMPLOYEE,true,E0325
U0326,1,e0326,e0326@123,EMPLOYEE,true,E0326
U0327,1,e0327,e0327@123,EMPLOYEE,true,E0327
U0328,1,e0328,e0328@123,EMPLOYEE,true,E0328
U0329,1,e0329,e0329@123,EMPLOYEE,true,E0329
U0330,1,e0330,e0330@123,EMPLOYEE,true,E0330
U0331,1,e0331,e0331@123,EMPLOYEE,true,E0331
U0332,1,e0332,e0332@123,EMPLOYEE,true,E0332
U0333,1,e0333,e0333@123,EMPLOYEE,true,E0333
U0334,1,e0334,e0334@123,EMPLOYEE,true,E0334
U0335,1,e0335,e0335@123,EMPLOYEE,true,E0335
U0336,1,e0336,e0336@123,EMPLOYEE,true,E0336
U0337,1,e0337,e0337@123,EMPLOYEE,true,E0337
U0338,1,e0338,e0338@123,EMPLOYEE,true,E0338
U0339,1,e0339,e0339@123,EMPLOYEE,true,E0339
U0340,1,e0340,e0340@123,EMPLOYEE,true,E0340
U0341,1,e0341,e0341@123,EMPLOYEE,true,E0341
U0342,1,e0342,e0342@123,EMPLOYEE,true,E0342
U0343,1,e0343,e0343@123,EMPLOYEE,true,E0343
U0344,1,e0344,e0344@123,EMPLOYEE,true,E0344
U0345,1,e0345,e0345@123,EMPLOYEE,true,E0345
U0346,1,e0346,e0346@123,EMPLOYEE,true,E0346
U0347,1,e0347,e0347@123,EMPLOYEE,true,E0347
U0348,1,e0348,e0348@123,EMPLOYEE,true,E0348
U0349,1,e0349,e0349@123,EMPLOYEE,true,E0349
U0350,1,e0350,e0350@123,EMPLOYEE,true,E0350
U0351,1,e0351,e0351@123,EMPLOYEE,true,E0351
U0352,1,e0352,e0352@123,EMPLOYEE,true,E0352
U0353,1,e0353,e0353@123,EMPLOYEE,true,E0353
U0354,1,e0354,e0354@123,EMPLOYEE,true,E0354
U0355,1,e0355,e0355@123,EMPLOYEE,true,E0355
U0356,1,e0356,e0356@123,EMPLOYEE,true,E0356
U0357,1,e0357,e0357@123,EMPLOYEE,true,E0357
U0358,1,e0358,e0358@123,EMPLOYEE,true,E0358
U0359,1,e0359,e0359@123,EMPLOYEE,true,E0359
U0360,1,e0360,e0360@123,EMPLOYEE,true,E0360
U0361,1,e0361,e0361@123,EMPLOYEE,true,E0361
U0362,1,e0362,e0362@123,EMPLOYEE,true,E0362
U0363,1,e0363,e0363@123,EMPLOYEE,true,E0363
U0364,1,e0364,e0364@123,EMPLOYEE,true,E0364
U0365,1,e0365,e0365@123,EMPLOYEE,true,E0365
U0366,1,e0366,e0366@123,EMPLOYEE,true,E0366
U0367,1,e0367,e0367@123,EMPLOYEE,true,E0367
U0368,1,e0368,e0368@123,EMPLOYEE,true,E0368
U0369,1,e0369,e0369@123,EMPLOYEE,true,E0369
U0370,1,e0370,e0370@123,EMPLOYEE,true,E0370
U0371,1,e0371,e0371@123,EMPLOYEE,true,E0371
U0372,1,e0372,e0372@123,EMPLOYEE,true,E0372
U0373,1,e0373,e0373@123,EMPLOYEE,true,E0373
U0374,1,e0374,e0374@123,EMPLOYEE,true,E0374
U0375,1,e0375,e0375@123,EMPLOYEE,true,E0375
U0376,1,e0376,e0376@123,EMPLOYEE,true,E0376
U0377,1,e0377,e0377@123,EMPLOYEE,true,E0377
U0378,1,e0378,e0378@123,EMPLOYEE,true,E0378
U0379,1,e0379,e0379@123,EMPLOYEE,true,E0379
U0380,1,e0380,e0380@123,EMPLOYEE,true,E0380
U0381,1,e0381,e0381@123,EMPLOYEE,true,E0381
U0382,1,e0382,e0382@123,EMPLOYEE,true,E0382
U0383,1,e0383,e0383@123,EMPLOYEE,true,E0383
U0384,1,e0384,e0384@123,EMPLOYEE,true,E0384
U0385,1,e0385,e0385@123,EMPLOYEE,true,E0385
U0386,1,e0386,e0386@123,EMPLOYEE,true,E0386
U0387,1,e0387,e0387@123,EMPLOYEE,true,E0387
U0388,1,e0388,e0388@123,EMPLOYEE,true,E0388
U0389,1,e0389,e0389@123,EMPLOYEE,true,E0389
U0390,1,e0390,e0390@123,EMPLOYEE,true,E0390
U0391,1,e0391,e0391@123,EMPLOYEE,true,E0391
U0392,1,e0392,e0392@123,EMPLOYEE,true,E0392
U0393,1,e0393,e0393@123,EMPLOYEE,true,E0393
U0394,1,e0394,e0394@123,EMPLOYEE,true,E0394
U0395,1,e0395,e0395@123,EMPLOYEE,true,E0395
U0396,1,e0396,e0396@123,EMPLOYEE,true,E0396
U0397,1,e0397,e0397@123,EMPLOYEE,true,E0397
U0398,1,e0398,e0398@123,EMPLOYEE,true,E0398
U0399,1,e0399,e0399@123,EMPLOYEE,true,E0399
U0400,1,e0400,e0400@123,EMPLOYEE,true,E0400
U0401,1,e0401,e0401@123,EMPLOYEE,true,E0401
U0402,1,e0402,e0402@123,EMPLOYEE,true,E0402
U0403,1,e0403,e0403@123,EMPLOYEE,true,E0403
U0404,1,e0404,e0404@123,EMPLOYEE,true,E0404
U0405,1,e0405,e0405@123,EMPLOYEE,true,E0405
U0406,1,e0406,e0406@123,EMPLOYEE,true,E0406
U0407,1,e0407,e0407@123,EMPLOYEE,true,E0407
U0408,1,e0408,e0408@123,EMPLOYEE,true,E0408
U0409,1,e0409,e0409@123,EMPLOYEE,true,E0409
U0410,1,e0410,e0410@123,EMPLOYEE,true,E0410
U0411,1,e0411,e0411@123,EMPLOYEE,true,E0411
U0412,1,e0412,e0412@123,EMPLOYEE,true,E0412
U0413,1,e0413,e0413@123,EMPLOYEE,true,E0413
U0414,1,e0414,e0414@123,EMPLOYEE,true,E0414
U0415,1,e0415,e0415@123,EMPLOYEE,true,E0415
U0416,1,e0416,e0416@123,EMPLOYEE,true,E0416
U0417,1,e0417,e0417@123,EMPLOYEE,true,E0417
U0418,1,e0418,e0418@123,EMPLOYEE,true,E0418
U0419,1,e0419,e0419@123,EMPLOYEE,true,E0419
U0420,1,e0420,e0420@123,EMPLOYEE,true,E0420
U0421,1,e0421,e0421@123,EMPLOYEE,true,E0421
U0422,1,e0422,e0422@123,EMPLOYEE,true,E0422
U0423,1,e0423,e0423@123,EMPLOYEE,true,E0423
U0424,1,e0424,e0424@123,EMPLOYEE,true,E0424
U0425,1,e0425,e0425@123,EMPLOYEE,true,E0425
U0426,1,e0426,e0426@123,EMPLOYEE,true,E0426
U0427,1,e0427,e0427@123,EMPLOYEE,true,E0427
U0428,1,e0428,e0428@123,EMPLOYEE,true,E0428
U0429,1,e0429,e0429@123,EMPLOYEE,true,E0429
U0430,1,e0430,e0430@123,EMPLOYEE,true,E0430
U0431,1,e0431,e0431@123,EMPLOYEE,true,E0431
U0432,1,e0432,e0432@123,EMPLOYEE,true,E0432
U0433,1,e0433,e0433@123,EMPLOYEE,true,E0433
U0434,1,e0434,e0434@123,EMPLOYEE,true,E0434
U0435,1,e0435,e0435@123,EMPLOYEE,true,E0435
U0436,1,e0436,e0436@123,EMPLOYEE,true,E0436
U0437,1,e0437,e0437@123,EMPLOYEE,true,E0437
U0438,1,e0438,e0438@123,EMPLOYEE,true,E0438
U0439,1,e0439,e0439@123,EMPLOYEE,true,E0439
U0440,1,e0440,e0440@123,EMPLOYEE,true,E0440
U0441,1,e0441,e0441@123,EMPLOYEE,true,E0441
U0442,1,e0442,e0442@123,EMPLOYEE,true,E0442
U0443,1,e0443,e0443@123,EMPLOYEE,true,E0443
U0444,1,e0444,e0444@123,EMPLOYEE,true,E0444
U0445,1,e0445,e0445@123,EMPLOYEE,true,E0445
U0446,1,e0446,e0446@123,EMPLOYEE,true,E0446
U0447,1,e0447,e0447@123,EMPLOYEE,true,E0447
U0448,1,e0448,e0448@123,EMPLOYEE,true,E0448
U0449,1,e0449,e0449@123,EMPLOYEE,true,E0449
U0450,1,e0450,e0450@123,EMPLOYEE,true,E0450
U0451,1,e0451,e0451@123,EMPLOYEE,true,E0451
U0452,1,e0452,e0452@123,EMPLOYEE,true,E0452
U0453,1,e0453,e0453@123,EMPLOYEE,true,E0453
U0454,1,e0454,e0454@123,EMPLOYEE,true,E0454
U0455,1,e0455,e0455@123,EMPLOYEE,true,E0455
U0456,1,e0456,e0456@123,EMPLOYEE,true,E0456
U0457,1,e0457,e0457@123,EMPLOYEE,true,E0457
U0458,1,e0458,e0458@123,EMPLOYEE,true,E0458
U0459,1,e0459,e0459@123,EMPLOYEE,true,E0459
U0460,1,e0460,e0460@123,EMPLOYEE,true,E0460
U0461,1,e0461,e0461@123,EMPLOYEE,true,E0461
U0462,1,e0462,e0462@123,EMPLOYEE,true,E0462
U0463,1,e0463,e0463@123,EMPLOYEE,true,E0463
U0464,1,e0464,e0464@123,EMPLOYEE,true,E0464
U0465,1,e0465,e0465@123,EMPLOYEE,true,E0465
U0466,1,e0466,e0466@123,EMPLOYEE,true,E0466
U0467,1,e0467,e0467@123,EMPLOYEE,true,E0467
U0468,1,e0468,e0468@123,EMPLOYEE,true,E0468
U0469,1,e0469,e0469@123,EMPLOYEE,true,E0469
U0470,1,e0470,e0470@123,EMPLOYEE,true,E0470
U0471,1,e0471,e0471@123,EMPLOYEE,true,E0471
U0472,1,e0472,e0472@123,EMPLOYEE,true,E0472
U0473,1,e0473,e0473@123,EMPLOYEE,true,E0473
U0474,1,e0474,e0474@123,EMPLOYEE,true,E0474
U0475,1,e0475,e0475@123,EMPLOYEE,true,E0475
U0476,1,e0476,e0476@123,EMPLOYEE,true,E0476
U0477,1,e0477,e0477@123,EMPLOYEE,true,E0477
U0478,1,e0478,e0478@123,EMPLOYEE,true,E0478
U0479,1,e0479,e0479@123,EMPLOYEE,true,E0479
U0480,1,e0480,e0480@123,EMPLOYEE,true,E0480
U0481,1,e0481,e0481@123,EMPLOYEE,true,E0481
U0482,1,e0482,e0482@123,EMPLOYEE,true,E0482
U0483,1,e0483,e0483@123,EMPLOYEE,true,E0483
U0484,1,e0484,e0484@123,EMPLOYEE,true,E0484
U0485,1,e0485,e0485@123,EMPLOYEE,true,E0485
U0486,1,e0486,e0486@123,EMPLOYEE,true,E0486
U0487,1,e0487,e0487@123,EMPLOYEE,true,E0487
U0488,1,e0488,e0488@123,EMPLOYEE,true,E0488
U0489,1,e0489,e0489@123,EMPLOYEE,true,E0489
U0490,1,e0490,e0490@123,EMPLOYEE,true,E0490
U0491,1,e0491,e0491@123,EMPLOYEE,true,E0491
U0492,1,e0492,e0492@123,EMPLOYEE,true,E0492
U0493,1,e0493,e0493@123,EMPLOYEE,true,E0493
U0494,1,e0494,e0494@123,EMPLOYEE,true,E0494
U0495,1,e0495,e0495@123,EMPLOYEE,true,E0495
U0496,1,e0496,e0496@123,EMPLOYEE,true,E0496
U0497,1,e0497,e0497@123,EMPLOYEE,true,E0497
U0498,1,e0498,e0498@123,EMPLOYEE,true,E0498
U0499,1,e0499,e0499@123,EMPLOYEE,true,E0499
U0500,1,e0500,e0500@123,EMPLOYEE,true,E0500
U0501,1,e0501,e0501@123,EMPLOYEE,true,E0501
U0502,1,e0502,e0502@123,EMPLOYEE,true,E0502
U0503,1,e0503,e0503@123,EMPLOYEE,true,E0503
U0504,1,e0504,e0504@123,EMPLOYEE,true,E0504
U0505,1,e0505,e0505@123,EMPLOYEE,true,E0505
U0506,1,e0506,e0506@123,EMPLOYEE,true,E0506
U0507,1,e0507,e0507@123,EMPLOYEE,true,E0507
U0508,1,e0508,e0508@123,EMPLOYEE,true,E0508
U0509,1,e0509,e0509@123,EMPLOYEE,true,E0509
U0510,1,e0510,e0510@123,EMPLOYEE,true,E0510
U0511,1,e0511,e0511@123,EMPLOYEE,true,E0511
U0512,1,e0512,e0512@123,EMPLOYEE,true,E0512
U0513,1,e0513,e0513@123,EMPLOYEE,true,E0513
U0514,1,e0514,e0514@123,EMPLOYEE,true,E0514
U0515,1,e0515,e0515@123,EMPLOYEE,true,E0515
U0516,1,e0516,e0516@123,EMPLOYEE,true,E0516
U0517,1,e0517,e0517@123,EMPLOYEE,true,E0517
U0518,1,e0518,e0518@123,EMPLOYEE,true,E0518
U0519,1,e0519,e0519@123,EMPLOYEE,true,E0519
U0520,1,e0520,e0520@123,EMPLOYEE,true,E0520
U0521,1,e0521,e0521@123,EMPLOYEE,true,E0521
U0522,1,e0522,e0522@123,EMPLOYEE,true,E0522
U0523,1,e0523,e0523@123,EMPLOYEE,true,E0523
U0524,1,e0524,e0524@123,EMPLOYEE,true,E0524
U0525,1,e0525,e0525@123,EMPLOYEE,true,E0525
U0526,1,e0526,e0526@123,EMPLOYEE,true,E0526
U0527,1,e0527,e0527@123,EMPLOYEE,true,E0527
U0528,1,e0528,e0528@123,EMPLOYEE,true,E0528
U0529,1,e0529,e0529@123,EMPLOYEE,true,E0529
U0530,1,e0530,e0530@123,EMPLOYEE,true,E0530
U0531,1,e0531,e0531@123,EMPLOYEE,true,E0531
U0532,1,e0532,e0532@123,EMPLOYEE,true,E0532
U0533,1,e0533,e0533@123,EMPLOYEE,true,E0533
U0534,1,e0534,e0534@123,EMPLOYEE,true,E0534
U0535,1,e0535,e0535@123,EMPLOYEE,true,E0535
U0536,1,e0536,e0536@123,EMPLOYEE,true,E0536
U0537,1,e0537,e0537@123,EMPLOYEE,true,E0537
U0538,1,e0538,e0538@123,EMPLOYEE,true,E0538
U0539,1,e0539,e0539@123,EMPLOYEE,true,E0539
U0540,1,e0540,e0540@123,EMPLOYEE,true,E0540
U0541,1,e0541,e0541@123,EMPLOYEE,true,E0541
U0542,1,e0542,e0542@123,EMPLOYEE,true,E0542
U0543,1,e0543,e0543@123,EMPLOYEE,true,E0543
U0544,1,e0544,e0544@123,EMPLOYEE,true,E0544
U0545,1,e0545,e0545@123,EMPLOYEE,true,E0545
U0546,1,e0546,e0546@123,EMPLOYEE,true,E0546
U0547,1,e0547,e0547@123,EMPLOYEE,true,E0547
U0548,1,e0548,e0548@123,EMPLOYEE,true,E0548
U0549,1,e0549,e0549@123,EMPLOYEE,true,E0549
U0550,1,e0550,e0550@123,EMPLOYEE,true,E0550
U0551,1,e0551,e0551@123,EMPLOYEE,true,E0551
U0552,1,e0552,e0552@123,EMPLOYEE,true,E0552
U0553,1,e0553,e0553@123,EMPLOYEE,true,E0553
U0554,1,e0554,e0554@123,EMPLOYEE,true,E0554
U0555,1,e0555,e0555@123,EMPLOYEE,true,E0555
U0556,1,e0556,e0556@123,EMPLOYEE,true,E0556
U0557,1,e0557,e0557@123,EMPLOYEE,true,E0557
U0558,1,e0558,e0558@123,EMPLOYEE,true,E0558
U0559,1,e0559,e0559@123,EMPLOYEE,true,E0559
U0560,1,e0560,e0560@123,EMPLOYEE,true,E0560
U0561,1,e0561,e0561@123,EMPLOYEE,true,E0561
U0562,1,e0562,e0562@123,EMPLOYEE,true,E0562
U0563,1,e0563,e0563@123,EMPLOYEE,true,E0563
U0564,1,e0564,e0564@123,EMPLOYEE,true,E0564
U0565,1,e0565,e0565@123,EMPLOYEE,true,E0565
U0566,1,e0566,e0566@123,EMPLOYEE,true,E0566
U0567,1,e0567,e0567@123,EMPLOYEE,true,E0567
U0568,1,e0568,e0568@123,EMPLOYEE,true,E0568
U0569,1,e0569,e0569@123,EMPLOYEE,true,E0569
U0570,1,e0570,e0570@123,EMPLOYEE,true,E0570
U0571,1,e0571,e0571@123,EMPLOYEE,true,E0571
U0572,1,e0572,e0572@123,EMPLOYEE,true,E0572
U0573,1,e0573,e0573@123,EMPLOYEE,true,E0573
U0574,1,e0574,e0574@123,EMPLOYEE,true,E0574
U0575,1,e0575,e0575@123,EMPLOYEE,true,E0575
U0576,1,e0576,e0576@123,EMPLOYEE,true,E0576
U0577,1,e0577,e0577@123,EMPLOYEE,true,E0577
U0578,1,e0578,e0578@123,EMPLOYEE,true,E0578
U0579,1,e0579,e0579@123,EMPLOYEE,true,E0579
U0580,1,e0580,e0580@123,EMPLOYEE,true,E0580
U0581,1,e0581,e0581@123,EMPLOYEE,true,E0581
U0582,1,e0582,e0582@123,EMPLOYEE,true,E0582
U0583,1,e0583,e0583@123,EMPLOYEE,true,E0583
U0584,1,e0584,e0584@123,EMPLOYEE,true,E0584
U0585,1,e0585,e0585@123,EMPLOYEE,true,E0585
U0586,1,e0586,e0586@123,EMPLOYEE,true,E0586
U0587,1,e0587,e0587@123,EMPLOYEE,true,E0587
U0588,1,e0588,e0588@123,EMPLOYEE,true,E0588
U0589,1,e0589,e0589@123,EMPLOYEE,true,E0589
U0590,1,e0590,e0590@123,EMPLOYEE,true,E0590
U0591,1,e0591,e0591@123,EMPLOYEE,true,E0591
U0592,1,e0592,e0592@123,EMPLOYEE,true,E0592
U0593,1,e0593,e0593@123,EMPLOYEE,true,E0593
U0594,1,e0594,e0594@123,EMPLOYEE,true,E0594
U0595,1,e0595,e0595@123,EMPLOYEE,true,E0595
U0596,1,e0596,e0596@123,EMPLOYEE,true,E0596
U0597,1,e0597,e0597@123,EMPLOYEE,true,E0597
U0598,1,e0598,e0598@123,EMPLOYEE,true,E0598
U0599,1,e0599,e0599@123,EMPLOYEE,true,E0599
U0600,1,e0600,e0600@123,EMPLOYEE,true,E0600
U0601,1,e0601,e0601@123,EMPLOYEE,true,E0601
U0602,1,e0602,e0602@123,EMPLOYEE,true,E0602
U0603,1,e0603,e0603@123,EMPLOYEE,true,E0603
U0604,1,e0604,e0604@123,EMPLOYEE,true,E0604
U0605,1,e0605,e0605@123,EMPLOYEE,true,E0605
U0606,1,e0606,e0606@123,EMPLOYEE,true,E0606
U0607,1,e0607,e0607@123,EMPLOYEE,true,E0607
U0608,1,e0608,e0608@123,EMPLOYEE,true,E0608
U0609,1,e0609,e0609@123,EMPLOYEE,true,E0609
U0610,1,e0610,e0610@123,EMPLOYEE,true,E0610
U0611,1,e0611,e0611@123,EMPLOYEE,true,E0611
U0612,1,e0612,e0612@123,EMPLOYEE,true,E0612
U0613,1,e0613,e0613@123,EMPLOYEE,true,E0613
U0614,1,e0614,e0614@123,EMPLOYEE,true,E0614
U0615,1,e0615,e0615@123,EMPLOYEE,true,E0615
U0616,1,e0616,e0616@123,EMPLOYEE,true,E0616
U0617,1,e0617,e0617@123,EMPLOYEE,true,E0617
U0618,1,e0618,e0618@123,EMPLOYEE,true,E0618
U0619,1,e0619,e0619@123,EMPLOYEE,true,E0619
U0620,1,e0620,e0620@123,EMPLOYEE,true,E0620
U0621,1,e0621,e0621@123,EMPLOYEE,true,E0621
U0622,1,e0622,e0622@123,EMPLOYEE,true,E0622
U0623,1,e0623,e0623@123,EMPLOYEE,true,E0623
U0624,1,e0624,e0624@123,EMPLOYEE,true,E0624
U0625,1,e0625,e0625@123,EMPLOYEE,true,E0625
U0626,1,e0626,e0626@123,EMPLOYEE,true,E0626
U0627,1,e0627,e0627@123,EMPLOYEE,true,E0627
U0628,1,e0628,e0628@123,EMPLOYEE,true,E0628
U0629,1,e0629,e0629@123,EMPLOYEE,true,E0629
U0630,1,e0630,e0630@123,EMPLOYEE,true,E0630
U0631,1,e0631,e0631@123,EMPLOYEE,true,E0631
U0632,1,e0632,e0632@123,EMPLOYEE,true,E0632
U0633,1,e0633,e0633@123,EMPLOYEE,true,E0633
U0634,1,e0634,e0634@123,EMPLOYEE,true,E0634
U0635,1,e0635,e0635@123,EMPLOYEE,true,E0635
U0636,1,e0636,e0636@123,EMPLOYEE,true,E0636
U0637,1,e0637,e0637@123,EMPLOYEE,true,E0637
U0638,1,e0638,e0638@123,EMPLOYEE,true,E0638
U0639,1,e0639,e0639@123,EMPLOYEE,true,E0639
U0640,1,e0640,e0640@123,EMPLOYEE,true,E0640
U0641,1,e0641,e0641@123,EMPLOYEE,true,E0641
U0642,1,e0642,e0642@123,EMPLOYEE,true,E0642
U0643,1,e0643,e0643@123,EMPLOYEE,true,E0643
U0644,1,e0644,e0644@123,EMPLOYEE,true,E0644
U0645,1,e0645,e0645@123,EMPLOYEE,true,E0645
U0646,1,e0646,e0646@123,EMPLOYEE,true,E0646
U0647,1,e0647,e0647@123,EMPLOYEE,true,E0647
U0648,1,e0648,e0648@123,EMPLOYEE,true,E0648
U0649,1,e0649,e0649@123,EMPLOYEE,true,E0649
U0650,1,e0650,e0650@123,EMPLOYEE,true,E0650
U0651,1,e0651,e0651@123,EMPLOYEE,true,E0651
U0652,1,e0652,e0652@123,EMPLOYEE,true,E0652
U0653,1,e0653,e0653@123,EMPLOYEE,true,E0653
U0654,1,e0654,e0654@123,EMPLOYEE,true,E0654
U0655,1,e0655,e0655@123,EMPLOYEE,true,E0655
U0656,1,e0656,e0656@123,EMPLOYEE,true,E0656
U0657,1,e0657,e0657@123,EMPLOYEE,true,E0657
U0658,1,e0658,e0658@123,EMPLOYEE,true,E0658
U0659,1,e0659,e0659@123,EMPLOYEE,true,E0659
U0660,1,e0660,e0660@123,EMPLOYEE,true,E0660
U0661,1,e0661,e0661@123,EMPLOYEE,true,E0661
U0662,1,e0662,e0662@123,EMPLOYEE,true,E0662
U0663,1,e0663,e0663@123,EMPLOYEE,true,E0663
U0664,1,e0664,e0664@123,EMPLOYEE,true,E0664
U0665,1,e0665,e0665@123,EMPLOYEE,true,E0665
U0666,1,e0666,e0666@123,EMPLOYEE,true,E0666
U0667,1,e0667,e0667@123,EMPLOYEE,true,E0667
U0668,1,e0668,e0668@123,EMPLOYEE,true,E0668
U0669,1,e0669,e0669@123,EMPLOYEE,true,E0669
U0670,1,e0670,e0670@123,EMPLOYEE,true,E0670
U0671,1,e0671,e0671@123,EMPLOYEE,true,E0671
U0672,1,e0672,e0672@123,EMPLOYEE,true,E0672
U0673,1,e0673,e0673@123,EMPLOYEE,true,E0673
U0674,1,e0674,e0674@123,EMPLOYEE,true,E0674
U0675,1,e0675,e0675@123,EMPLOYEE,true,E0675
U0676,1,e0676,e0676@123,EMPLOYEE,true,E0676
U0677,1,e0677,e0677@123,EMPLOYEE,true,E0677
U0678,1,e0678,e0678@123,EMPLOYEE,true,E0678
U0679,1,e0679,e0679@123,EMPLOYEE,true,E0679
U0680,1,e0680,e0680@123,EMPLOYEE,true,E0680
U0681,1,e0681,e0681@123,EMPLOYEE,true,E0681
U0682,1,e0682,e0682@123,EMPLOYEE,true,E0682
U0683,1,e0683,e0683@123,EMPLOYEE,true,E0683
U0684,1,e0684,e0684@123,EMPLOYEE,true,E0684
U0685,1,e0685,e0685@123,EMPLOYEE,true,E0685
U0686,1,e0686,e0686@123,EMPLOYEE,true,E0686
U0687,1,e0687,e0687@123,EMPLOYEE,true,E0687
U0688,1,e0688,e0688@123,EMPLOYEE,true,E0688
U0689,1,e0689,e0689@123,EMPLOYEE,true,E0689
U0690,1,e0690,e0690@123,EMPLOYEE,true,E0690
U0691,1,e0691,e0691@123,EMPLOYEE,true,E0691
U0692,1,e0692,e0692@123,EMPLOYEE,true,E0692
U0693,1,e0693,e0693@123,EMPLOYEE,true,E0693
U0694,1,e0694,e0694@123,EMPLOYEE,true,E0694
U0695,1,e0695,e0695@123,EMPLOYEE,true,E0695
U0696,1,e0696,e0696@123,EMPLOYEE,true,E0696
U0697,1,e0697,e0697@123,EMPLOYEE,true,E0697
U0698,1,e0698,e0698@123,EMPLOYEE,true,E0698
U0699,1,e0699,e0699@123,EMPLOYEE,true,E0699
U0700,1,e0700,e0700@123,EMPLOYEE,true,E0700
U0701,1,e0701,e0701@123,EMPLOYEE,true,E0701
U0702,1,e0702,e0702@123,EMPLOYEE,true,E0702
U0703,1,e0703,e0703@123,EMPLOYEE,true,E0703
U0704,1,e0704,e0704@123,EMPLOYEE,true,E0704
U0705,1,e0705,e0705@123,EMPLOYEE,true,E0705
U0706,1,e0706,e0706@123,EMPLOYEE,true,E0706
U0707,1,e0707,e0707@123,EMPLOYEE,true,E0707
U0708,1,e0708,e0708@123,EMPLOYEE,true,E0708
U0709,1,e0709,e0709@123,EMPLOYEE,true,E0709
U0710,1,e0710,e0710@123,EMPLOYEE,true,E0710
U0711,1,e0711,e0711@123,EMPLOYEE,true,E0711
U0712,1,e0712,e0712@123,EMPLOYEE,true,E0712
U0713,1,e0713,e0713@123,EMPLOYEE,true,E0713
U0714,1,e0714,e0714@123,EMPLOYEE,true,E0714
U0715,1,e0715,e0715@123,EMPLOYEE,true,E0715
U0716,1,e0716,e0716@123,EMPLOYEE,true,E0716
U0717,1,e0717,e0717@123,EMPLOYEE,true,E0717
U0718,1,e0718,e0718@123,EMPLOYEE,true,E0718
U0719,1,e0719,e0719@123,EMPLOYEE,true,E0719
U0720,1,e0720,e0720@123,EMPLOYEE,true,E0720
U0721,1,e0721,e0721@123,EMPLOYEE,true,E0721
U0722,1,e0722,e0722@123,EMPLOYEE,true,E0722
U0723,1,e0723,e0723@123,EMPLOYEE,true,E0723
U0724,1,e0724,e0724@123,EMPLOYEE,true,E0724
U0725,1,e0725,e0725@123,EMPLOYEE,true,E0725
U0726,1,e0726,e0726@123,EMPLOYEE,true,E0726
U0727,1,e0727,e0727@123,EMPLOYEE,true,E0727
U0728,1,e0728,e0728@123,EMPLOYEE,true,E0728
U0729,1,e0729,e0729@123,EMPLOYEE,true,E0729
U0730,1,e0730,e0730@123,EMPLOYEE,true,E0730
U0731,1,e0731,e0731@123,EMPLOYEE,true,E0731
U0732,1,e0732,e0732@123,EMPLOYEE,true,E0732
U0733,1,e0733,e0733@123,EMPLOYEE,true,E0733
U0734,1,e0734,e0734@123,EMPLOYEE,true,E0734
U0735,1,e0735,e0735@123,EMPLOYEE,true,E0735
U0736,1,e0736,e0736@123,EMPLOYEE,true,E0736
U0737,1,e0737,e0737@123,EMPLOYEE,true,E0737
U0738,1,e0738,e0738@123,EMPLOYEE,true,E0738
U0739,1,e0739,e0739@123,EMPLOYEE,true,E0739
U0740,1,e0740,e0740@123,EMPLOYEE,true,E0740
U0741,1,e0741,e0741@123,EMPLOYEE,true,E0741
U0742,1,e0742,e0742@123,EMPLOYEE,true,E0742
U0743,1,e0743,e0743@123,EMPLOYEE,true,E0743
U0744,1,e0744,e0744@123,EMPLOYEE,true,E0744
U0745,1,e0745,e0745@123,EMPLOYEE,true,E0745
U0746,1,e0746,e0746@123,EMPLOYEE,true,E0746
U0747,1,e0747,e0747@123,EMPLOYEE,true,E0747
U0748,1,e0748,e0748@123,EMPLOYEE,true,E0748
U0749,1,e0749,e0749@123,EMPLOYEE,true,E0749
U0750,1,e0750,e0750@123,EMPLOYEE,true,E0750
U0751,1,e0751,e0751@123,EMPLOYEE,true,E0751
U0752,1,e0752,e0752@123,EMPLOYEE,true,E0752
U0753,1,e0753,e0753@123,EMPLOYEE,true,E0753
U0754,1,e0754,e0754@123,EMPLOYEE,true,E0754
U0755,1,e0755,e0755@123,EMPLOYEE,true,E0755
U0756,1,e0756,e0756@123,EMPLOYEE,true,E0756
U0757,1,e0757,e0757@123,EMPLOYEE,true,E0757
U0758,1,e0758,e0758@123,EMPLOYEE,true,E0758
U0759,1,e0759,e0759@123,EMPLOYEE,true,E0759
U0760,1,e0760,e0760@123,EMPLOYEE,true,E0760
U0761,1,e0761,e0761@123,EMPLOYEE,true,E0761
U0762,1,e0762,e0762@123,EMPLOYEE,true,E0762
U0763,1,e0763,e0763@123,EMPLOYEE,true,E0763
U0764,1,e0764,e0764@123,EMPLOYEE,true,E0764
U0765,1,e0765,e0765@123,EMPLOYEE,true,E0765
U0766,1,e0766,e0766@123,EMPLOYEE,true,E0766
U0767,1,e0767,e0767@123,EMPLOYEE,true,E0767
U0768,1,e0768,e0768@123,EMPLOYEE,true,E0768
U0769,1,e0769,e0769@123,EMPLOYEE,true,E0769
U0770,1,e0770,e0770@123,EMPLOYEE,true,E0770
U0771,1,e0771,e0771@123,EMPLOYEE,true,E0771
U0772,1,e0772,e0772@123,EMPLOYEE,true,E0772
U0773,1,e0773,e0773@123,EMPLOYEE,true,E0773
U0774,1,e0774,e0774@123,EMPLOYEE,true,E0774
U0775,1,e0775,e0775@123,EMPLOYEE,true,E0775
U0776,1,e0776,e0776@123,EMPLOYEE,true,E0776
U0777,1,e0777,e0777@123,EMPLOYEE,true,E0777
U0778,1,e0778,e0778@123,EMPLOYEE,true,E0778
U0779,1,e0779,e0779@123,EMPLOYEE,true,E0779
U0780,1,e0780,e0780@123,EMPLOYEE,true,E0780
U0781,1,e0781,e0781@123,EMPLOYEE,true,E0781
U0782,1,e0782,e0782@123,EMPLOYEE,true,E0782
U0783,1,e0783,e0783@123,EMPLOYEE,true,E0783
U0784,1,e0784,e0784@123,EMPLOYEE,true,E0784
U0785,1,e0785,e0785@123,EMPLOYEE,true,E0785
U0786,1,e0786,e0786@123,EMPLOYEE,true,E0786
U0787,1,e0787,e0787@123,EMPLOYEE,true,E0787
U0788,1,e0788,e0788@123,EMPLOYEE,true,E0788
U0789,1,e0789,e0789@123,EMPLOYEE,true,E0789
U0790,1,e0790,e0790@123,EMPLOYEE,true,E0790
U0791,1,e0791,e0791@123,EMPLOYEE,true,E0791
U0792,1,e0792,e0792@123,EMPLOYEE,true,E0792
U0793,1,e0793,e0793@123,EMPLOYEE,true,E0793
U0794,1,e0794,e0794@123,EMPLOYEE,true,E0794
U0795,1,e0795,e0795@123,EMPLOYEE,true,E0795
U0796,1,e0796,e0796@123,EMPLOYEE,true,E0796
U0797,1,e0797,e0797@123,EMPLOYEE,true,E0797
U0798,1,e0798,e0798@123,EMPLOYEE,true,E0798
U0799,1,e0799,e0799@123,EMPLOYEE,true,E0799
U0800,1,e0800,e0800@123,EMPLOYEE,true,E0800
U0801,1,e0801,e0801@123,EMPLOYEE,true,E0801
U0802,1,e0802,e0802@123,EMPLOYEE,true,E0802
U0803,1,e0803,e0803@123,EMPLOYEE,true,E0803
U0804,1,e0804,e0804@123,EMPLOYEE,true,E0804
U0805,1,e0805,e0805@123,EMPLOYEE,true,E0805
U0806,1,e0806,e0806@123,EMPLOYEE,true,E0806
U0807,1,e0807,e0807@123,EMPLOYEE,true,E0807
U0808,1,e0808,e0808@123,EMPLOYEE,true,E0808
U0809,1,e0809,e0809@123,EMPLOYEE,true,E0809
U0810,1,e0810,e0810@123,EMPLOYEE,true,E0810
U0811,1,e0811,e0811@123,EMPLOYEE,true,E0811
U0812,1,e0812,e0812@123,EMPLOYEE,true,E0812
U0813,1,e0813,e0813@123,EMPLOYEE,true,E0813
U0814,1,e0814,e0814@123,EMPLOYEE,true,E0814
U0815,1,e0815,e0815@123,EMPLOYEE,true,E0815
U0816,1,e0816,e0816@123,EMPLOYEE,true,E0816
U0817,1,e0817,e0817@123,EMPLOYEE,true,E0817
U0818,1,e0818,e0818@123,EMPLOYEE,true,E0818
U0819,1,e0819,e0819@123,EMPLOYEE,true,E0819
U0820,1,e0820,e0820@123,EMPLOYEE,true,E0820
U0821,1,e0821,e0821@123,EMPLOYEE,true,E0821
U0822,1,e0822,e0822@123,EMPLOYEE,true,E0822
U0823,1,e0823,e0823@123,EMPLOYEE,true,E0823
U0824,1,e0824,e0824@123,EMPLOYEE,true,E0824
U0825,1,e0825,e0825@123,EMPLOYEE,true,E0825
U0826,1,e0826,e0826@123,EMPLOYEE,true,E0826
U0827,1,e0827,e0827@123,EMPLOYEE,true,E0827
U0828,1,e0828,e0828@123,EMPLOYEE,true,E0828
U0829,1,e0829,e0829@123,EMPLOYEE,true,E0829
U0830,1,e0830,e0830@123,EMPLOYEE,true,E0830
U0831,1,e0831,e0831@123,EMPLOYEE,true,E0831
U0832,1,e0832,e0832@123,EMPLOYEE,true,E0832
U0833,1,e0833,e0833@123,EMPLOYEE,true,E0833
U0834,1,e0834,e0834@123,EMPLOYEE,true,E0834
U0835,1,e0835,e0835@123,EMPLOYEE,true,E0835
U0836,1,e0836,e0836@123,EMPLOYEE,true,E0836
U0837,1,e0837,e0837@123,EMPLOYEE,true,E0837
U0838,1,e0838,e0838@123,EMPLOYEE,true,E0838
U0839,1,e0839,e0839@123,EMPLOYEE,true,E0839
U0840,1,e0840,e0840@123,EMPLOYEE,true,E0840
U0841,1,e0841,e0841@123,EMPLOYEE,true,E0841
U0842,1,e0842,e0842@123,EMPLOYEE,true,E0842
U0843,1,e0843,e0843@123,EMPLOYEE,true,E0843
U0844,1,e0844,e0844@123,EMPLOYEE,true,E0844
U0845,1,e0845,e0845@123,EMPLOYEE,true,E0845
U0846,1,e0846,e0846@123,EMPLOYEE,true,E0846
U0847,1,e0847,e0847@123,EMPLOYEE,true,E0847
U0848,1,e0848,e0848@123,EMPLOYEE,true,E0848
U0849,1,e0849,e0849@123,EMPLOYEE,true,E0849
U0850,1,e0850,e0850@123,EMPLOYEE,true,E0850
U0851,1,e0851,e0851@123,EMPLOYEE,true,E0851
U0852,1,e0852,e0852@123,EMPLOYEE,true,E0852
U0853,1,e0853,e0853@123,EMPLOYEE,true,E0853
U0854,1,e0854,e0854@123,EMPLOYEE,true,E0854
U0855,1,e0855,e0855@123,EMPLOYEE,true,E0855
U0856,1,e0856,e0856@123,EMPLOYEE,true,E0856
U0857,1,e0857,e0857@123,EMPLOYEE,true,E0857
U0858,1,e0858,e0858@123,EMPLOYEE,true,E0858
U0859,1,e0859,e0859@123,EMPLOYEE,true,E0859
U0860,1,e0860,e0860@123,EMPLOYEE,true,E0860
U0861,1,e0861,e0861@123,EMPLOYEE,true,E0861
U0862,1,e0862,e0862@123,EMPLOYEE,true,E0862
U0863,1,e0863,e0863@123,EMPLOYEE,true,E0863
U0864,1,e0864,e0864@123,EMPLOYEE,true,E0864
U0865,1,e0865,e0865@123,EMPLOYEE,true,E0865
U0866,1,e0866,e0866@123,EMPLOYEE,true,E0866
U0867,1,e0867,e0867@123,EMPLOYEE,true,E0867
U0868,1,e0868,e0868@123,EMPLOYEE,true,E0868
U0869,1,e0869,e0869@123,EMPLOYEE,true,E0869
U0870,1,e0870,e0870@123,EMPLOYEE,true,E0870
U0871,1,e0871,e0871@123,EMPLOYEE,true,E0871
U0872,1,e0872,e0872@123,EMPLOYEE,true,E0872
U0873,1,e0873,e0873@123,EMPLOYEE,true,E0873
U0874,1,e0874,e0874@123,EMPLOYEE,true,E0874
U0875,1,e0875,e0875@123,EMPLOYEE,true,E0875
U0876,1,e0876,e0876@123,EMPLOYEE,true,E0876
U0877,1,e0877,e0877@123,EMPLOYEE,true,E0877
U0878,1,e0878,e0878@123,EMPLOYEE,true,E0878
U0879,1,e0879,e0879@123,EMPLOYEE,true,E0879
U0880,1,e0880,e0880@123,EMPLOYEE,true,E0880
U0881,1,e0881,e0881@123,EMPLOYEE,true,E0881
U0882,1,e0882,e0882@123,EMPLOYEE,true,E0882
U0883,1,e0883,e0883@123,EMPLOYEE,true,E0883
U0884,1,e0884,e0884@123,EMPLOYEE,true,E0884
U0885,1,e0885,e0885@123,EMPLOYEE,true,E0885
U0886,1,e0886,e0886@123,EMPLOYEE,true,E0886
U0887,1,e0887,e0887@123,EMPLOYEE,true,E0887
U0888,1,e0888,e0888@123,EMPLOYEE,true,E0888
U0889,1,e0889,e0889@123,EMPLOYEE,true,E0889
U0890,1,e0890,e0890@123,EMPLOYEE,true,E0890
U0891,1,e0891,e0891@123,EMPLOYEE,true,E0891
U0892,1,e0892,e0892@123,EMPLOYEE,true,E0892
U0893,1,e0893,e0893@123,EMPLOYEE,true,E0893
U0894,1,e0894,e0894@123,EMPLOYEE,true,E0894
U0895,1,e0895,e0895@123,EMPLOYEE,true,E0895
U0896,1,e0896,e0896@123,EMPLOYEE,true,E0896
U0897,1,e0897,e0897@123,EMPLOYEE,true,E0897
U0898,1,e0898,e0898@123,EMPLOYEE,true,E0898
U0899,1,e0899,e0899@123,EMPLOYEE,true,E0899
U0900,1,e0900,e0900@123,EMPLOYEE,true,E0900
U0901,1,e0901,e0901@123,EMPLOYEE,true,E0901
U0902,1,e0902,e0902@123,EMPLOYEE,true,E0902
U0903,1,e0903,e0903@123,EMPLOYEE,true,E0903
U0904,1,e0904,e0904@123,EMPLOYEE,true,E0904
U0905,1,e0905,e0905@123,EMPLOYEE,true,E0905
U0906,1,e0906,e0906@123,EMPLOYEE,true,E0906
U0907,1,e0907,e0907@123,EMPLOYEE,true,E0907
U0908,1,e0908,e0908@123,EMPLOYEE,true,E0908
U0909,1,e0909,e0909@123,EMPLOYEE,true,E0909
U0910,1,e0910,e0910@123,EMPLOYEE,true,E0910
U0911,1,e0911,e0911@123,EMPLOYEE,true,E0911
U0912,1,e0912,e0912@123,EMPLOYEE,true,E0912
U0913,1,e0913,e0913@123,EMPLOYEE,true,E0913
U0914,1,e0914,e0914@123,EMPLOYEE,true,E0914
U0915,1,e0915,e0915@123,EMPLOYEE,true,E0915
U0916,1,e0916,e0916@123,EMPLOYEE,true,E0916
U0917,1,e0917,e0917@123,EMPLOYEE,true,E0917
U0918,1,e0918,e0918@123,EMPLOYEE,true,E0918
U0919,1,e0919,e0919@123,EMPLOYEE,true,E0919
U0920,1,e0920,e0920@123,EMPLOYEE,true,E0920
U0921,1,e0921,e0921@123,EMPLOYEE,true,E0921
U0922,1,e0922,e0922@123,EMPLOYEE,true,E0922
U0923,1,e0923,e0923@123,EMPLOYEE,true,E0923
U0924,1,e0924,e0924@123,EMPLOYEE,true,E0924
U0925,1,e0925,e0925@123,EMPLOYEE,true,E0925
U0926,1,e0926,e0926@123,EMPLOYEE,true,E0926
U0927,1,e0927,e0927@123,EMPLOYEE,true,E0927
U0928,1,e0928,e0928@123,EMPLOYEE,true,E0928
U0929,1,e0929,e0929@123,EMPLOYEE,true,E0929
U0930,1,e0930,e0930@123,EMPLOYEE,true,E0930
U0931,1,e0931,e0931@123,EMPLOYEE,true,E0931
U0932,1,e0932,e0932@123,EMPLOYEE,true,E0932
U0933,1,e0933,e0933@123,EMPLOYEE,true,E0933
U0934,1,e0934,e0934@123,EMPLOYEE,true,E0934
U0935,1,e0935,e0935@123,EMPLOYEE,true,E0935
U0936,1,e0936,e0936@123,EMPLOYEE,true,E0936
U0937,1,e0937,e0937@123,EMPLOYEE,true,E0937
U0938,1,e0938,e0938@123,EMPLOYEE,true,E0938
U0939,1,e0939,e0939@123,EMPLOYEE,true,E0939
U0940,1,e0940,e0940@123,EMPLOYEE,true,E0940
U0941,1,e0941,e0941@123,EMPLOYEE,true,E0941
U0942,1,e0942,e0942@123,EMPLOYEE,true,E0942
U0943,1,e0943,e0943@123,EMPLOYEE,true,E0943
U0944,1,e0944,e0944@123,EMPLOYEE,true,E0944
U0945,1,e0945,e0945@123,EMPLOYEE,true,E0945
U0946,1,e0946,e0946@123,EMPLOYEE,true,E0946
U0947,1,e0947,e0947@123,EMPLOYEE,true,E0947
U0948,1,e0948,e0948@123,EMPLOYEE,true,E0948
U0949,1,e0949,e0949@123,EMPLOYEE,true,E0949
U0950,1,e0950,e0950@123,EMPLOYEE,true,E0950
U0951,1,e0951,e0951@123,EMPLOYEE,true,E0951
U0952,1,e0952,e0952@123,EMPLOYEE,true,E0952
U0953,1,e0953,e0953@123,EMPLOYEE,true,E0953
U0954,1,e0954,e0954@123,EMPLOYEE,true,E0954
U0955,1,e0955,e0955@123,EMPLOYEE,true,E0955
U0956,1,e0956,e0956@123,EMPLOYEE,true,E0956
U0957,1,e0957,e0957@123,EMPLOYEE,true,E0957
U0958,1,e0958,e0958@123,EMPLOYEE,true,E0958
U0959,1,e0959,e0959@123,EMPLOYEE,true,E0959
U0960,1,e0960,e0960@123,EMPLOYEE,true,E0960
U0961,1,e0961,e0961@123,EMPLOYEE,true,E0961
U0962,1,e0962,e0962@123,EMPLOYEE,true,E0962
U0963,1,e0963,e0963@123,EMPLOYEE,true,E0963
U0964,1,e0964,e0964@123,EMPLOYEE,true,E0964
U0965,1,e0965,e0965@123,EMPLOYEE,true,E0965
U0966,1,e0966,e0966@123,EMPLOYEE,true,E0966
U0967,1,e0967,e0967@123,EMPLOYEE,true,E0967
U0968,1,e0968,e0968@123,EMPLOYEE,true,E0968
U0969,1,e0969,e0969@123,EMPLOYEE,true,E0969
U0970,1,e0970,e0970@123,EMPLOYEE,true,E0970
U0971,1,e0971,e0971@123,EMPLOYEE,true,E0971
U0972,1,e0972,e0972@123,EMPLOYEE,true,E0972
U0973,1,e0973,e0973@123,EMPLOYEE,true,E0973
U0974,1,e0974,e0974@123,EMPLOYEE,true,E0974
U0975,1,e0975,e0975@123,EMPLOYEE,true,E0975
U0976,1,e0976,e0976@123,EMPLOYEE,true,E0976
U0977,1,e0977,e0977@123,EMPLOYEE,true,E0977
U0978,1,e0978,e0978@123,EMPLOYEE,true,E0978
U0979,1,e0979,e0979@123,EMPLOYEE,true,E0979
U0980,1,e0980,e0980@123,EMPLOYEE,true,E0980
U0981,1,e0981,e0981@123,EMPLOYEE,true,E0981
U0982,1,e0982,e0982@123,EMPLOYEE,true,E0982
U0983,1,e0983,e0983@123,EMPLOYEE,true,E0983
U0984,1,e0984,e0984@123,EMPLOYEE,true,E0984
U0985,1,e0985,e0985@123,EMPLOYEE,true,E0985
U0986,1,e0986,e0986@123,EMPLOYEE,true,E0986
U0987,1,e0987,e0987@123,EMPLOYEE,true,E0987
U0988,1,e0988,e0988@123,EMPLOYEE,true,E0988
U0989,1,e0989,e0989@123,EMPLOYEE,true,E0989
U0990,1,e0990,e0990@123,EMPLOYEE,true,E0990
U0991,1,e0991,e0991@123,EMPLOYEE,true,E0991
U0992,1,e0992,e0992@123,EMPLOYEE,true,E0992
U0993,1,e0993,e0993@123,EMPLOYEE,true,E0993
U0994,1,e0994,e0994@123,EMPLOYEE,true,E0994
U0995,1,e0995,e0995@123,EMPLOYEE,true,E0995
U0996,1,e0996,e0996@123,EMPLOYEE,true,E0996
U0997,1,e0997,e0997@123,EMPLOYEE,true,E0997
U0998,1,e0998,e0998@123,EMPLOYEE,true,E0998
U0999,1,e0999,e0999@123,EMPLOYEE,true,E0999
U1000,1,e1000,e1000@123,EMPLOYEE,true,E1000
U1001,1,e1001,e1001@123,EMPLOYEE,true,E1001
U1002,1,e1002,e1002@123,EMPLOYEE,true,E1002
U1003,1,e1003,e1003@123,EMPLOYEE,true,E1003
U1004,1,e1004,e1004@123,EMPLOYEE,true,E1004
U1005,1,e1005,e1005@123,EMPLOYEE,true,E1005
U1006,1,e1006,e1006@123,EMPLOYEE,true,E1006
U1007,1,e1007,e1007@123,EMPLOYEE,true,E1007
U1008,1,e1008,e1008@123,EMPLOYEE,true,E1008
U1009,1,e1009,e1009@123,EMPLOYEE,true,E1009
U1010,1,e1010,e1010@123,EMPLOYEE,true,E1010
U1011,1,e1011,e1011@123,EMPLOYEE,true,E1011
U1012,1,e1012,e1012@123,EMPLOYEE,true,E1012
U1013,1,e1013,e1013@123,EMPLOYEE,true,E1013
U1014,1,e1014,e1014@123,EMPLOYEE,true,E1014
U1015,1,e1015,e1015@123,EMPLOYEE,true,E1015
U1016,1,e1016,e1016@123,EMPLOYEE,true,E1016
U1017,1,e1017,e1017@123,EMPLOYEE,true,E1017
U1018,1,e1018,e1018@123,EMPLOYEE,true,E1018
U1019,1,e1019,e1019@123,EMPLOYEE,true,E1019
U1020,1,e1020,e1020@123,EMPLOYEE,true,E1020
U1021,1,e1021,e1021@123,EMPLOYEE,true,E1021
U1022,1,e1022,e1022@123,EMPLOYEE,true,E1022
U1023,1,e1023,e1023@123,EMPLOYEE,true,E1023
U1024,1,e1024,e1024@123,EMPLOYEE,true,E1024
U1025,1,e1025,e1025@123,EMPLOYEE,true,E1025
U1026,1,e1026,e1026@123,EMPLOYEE,true,E1026
U1027,1,e1027,e1027@123,EMPLOYEE,true,E1027
U1028,1,e1028,e1028@123,EMPLOYEE,true,E1028
U1029,1,e1029,e1029@123,EMPLOYEE,true,E1029
U1030,1,e1030,e1030@123,EMPLOYEE,true,E1030
U1031,1,e1031,e1031@123,EMPLOYEE,true,E1031
U1032,1,e1032,e1032@123,EMPLOYEE,true,E1032
U1033,1,e1033,e1033@123,EMPLOYEE,true,E1033
U1034,1,e1034,e1034@123,EMPLOYEE,true,E1034
U1035,1,e1035,e1035@123,EMPLOYEE,true,E1035
U1036,1,e1036,e1036@123,EMPLOYEE,true,E1036
U1037,1,e1037,e1037@123,EMPLOYEE,true,E1037
U1038,1,e1038,e1038@123,EMPLOYEE,true,E1038
U1039,1,e1039,e1039@123,EMPLOYEE,true,E1039
U1040,1,e1040,e1040@123,EMPLOYEE,true,E1040
U1041,1,e1041,e1041@123,EMPLOYEE,true,E1041
U1042,1,e1042,e1042@123,EMPLOYEE,true,E1042
U1043,1,e1043,e1043@123,EMPLOYEE,true,E1043
U1044,1,e1044,e1044@123,EMPLOYEE,true,E1044
U1045,1,e1045,e1045@123,EMPLOYEE,true,E1045
U1046,1,e1046,e1046@123,EMPLOYEE,true,E1046
U1047,1,e1047,e1047@123,EMPLOYEE,true,E1047
U1048,1,e1048,e1048@123,EMPLOYEE,true,E1048
U1049,1,e1049,e1049@123,EMPLOYEE,true,E1049
U1050,1,e1050,e1050@123,EMPLOYEE,true,E1050
U1051,1,e1051,e1051@123,EMPLOYEE,true,E1051
U1052,1,e1052,e1052@123,EMPLOYEE,true,E1052
U1053,1,e1053,e1053@123,EMPLOYEE,true,E1053
U1054,1,e1054,e1054@123,EMPLOYEE,true,E1054
U1055,1,e1055,e1055@123,EMPLOYEE,true,E1055
U1056,1,e1056,e1056@123,EMPLOYEE,true,E1056
U1057,1,e1057,e1057@123,EMPLOYEE,true,E1057
U1058,1,e1058,e1058@123,EMPLOYEE,true,E1058
U1059,1,e1059,e1059@123,EMPLOYEE,true,E1059
U1060,1,e1060,e1060@123,EMPLOYEE,true,E1060
U1061,1,e1061,e1061@123,EMPLOYEE,true,E1061
U1062,1,e1062,e1062@123,EMPLOYEE,true,E1062
U1063,1,e1063,e1063@123,EMPLOYEE,true,E1063
U1064,1,e1064,e1064@123,EMPLOYEE,true,E1064
U1065,1,e1065,e1065@123,EMPLOYEE,true,E1065
U1066,1,e1066,e1066@123,EMPLOYEE,true,E1066
U1067,1,e1067,e1067@123,EMPLOYEE,true,E1067
U1068,1,e1068,e1068@123,EMPLOYEE,true,E1068
U1069,1,e1069,e1069@123,EMPLOYEE,true,E1069
U1070,1,e1070,e1070@123,EMPLOYEE,true,E1070
U1071,1,e1071,e1071@123,EMPLOYEE,true,E1071
U1072,1,e1072,e1072@123,EMPLOYEE,true,E1072
U1073,1,e1073,e1073@123,EMPLOYEE,true,E1073
U1074,1,e1074,e1074@123,EMPLOYEE,true,E1074
U1075,1,e1075,e1075@123,EMPLOYEE,true,E1075
U1076,1,e1076,e1076@123,EMPLOYEE,true,E1076
U1077,1,e1077,e1077@123,EMPLOYEE,true,E1077
U1078,1,e1078,e1078@123,EMPLOYEE,true,E1078
U1079,1,e1079,e1079@123,EMPLOYEE,true,E1079
U1080,1,e1080,e1080@123,EMPLOYEE,true,E1080
U1081,1,e1081,e1081@123,EMPLOYEE,true,E1081
U1082,1,e1082,e1082@123,EMPLOYEE,true,E1082
U1083,1,e1083,e1083@123,EMPLOYEE,true,E1083
U1084,1,e1084,e1084@123,EMPLOYEE,true,E1084
U1085,1,e1085,e1085@123,EMPLOYEE,true,E1085
U1086,1,e1086,e1086@123,EMPLOYEE,true,E1086
U1087,1,e1087,e1087@123,EMPLOYEE,true,E1087
U1088,1,e1088,e1088@123,EMPLOYEE,true,E1088
U1089,1,e1089,e1089@123,EMPLOYEE,true,E1089
U1090,1,e1090,e1090@123,EMPLOYEE,true,E1090
U1091,1,e1091,e1091@123,EMPLOYEE,true,E1091
U1092,1,e1092,e1092@123,EMPLOYEE,true,E1092
U1093,1,e1093,e1093@123,EMPLOYEE,true,E1093
U1094,1,e1094,e1094@123,EMPLOYEE,true,E1094
U1095,1,e1095,e1095@123,EMPLOYEE,true,E1095
U1096,1,e1096,e1096@123,EMPLOYEE,true,E1096
U1097,1,e1097,e1097@123,EMPLOYEE,true,E1097
U1098,1,e1098,e1098@123,EMPLOYEE,true,E1098
U1099,1,e1099,e1099@123,EMPLOYEE,true,E1099
U1100,1,e1100,e1100@123,EMPLOYEE,true,E1100
U1101,1,e1101,e1101@123,EMPLOYEE,true,E1101
U1102,1,e1102,e1102@123,EMPLOYEE,true,E1102
U1103,1,e1103,e1103@123,EMPLOYEE,true,E1103
U1104,1,e1104,e1104@123,EMPLOYEE,true,E1104
U1105,1,e1105,e1105@123,EMPLOYEE,true,E1105
U1106,1,e1106,e1106@123,EMPLOYEE,true,E1106
U1107,1,e1107,e1107@123,EMPLOYEE,true,E1107
U1108,1,e1108,e1108@123,EMPLOYEE,true,E1108
U1109,1,e1109,e1109@123,EMPLOYEE,true,E1109
U1110,1,e1110,e1110@123,EMPLOYEE,true,E1110
U1111,1,e1111,e1111@123,EMPLOYEE,true,E1111
U1112,1,e1112,e1112@123,EMPLOYEE,true,E1112
U1113,1,e1113,e1113@123,EMPLOYEE,true,E1113
U1114,1,e1114,e1114@123,EMPLOYEE,true,E1114
U1115,1,e1115,e1115@123,EMPLOYEE,true,E1115
U1116,1,e1116,e1116@123,EMPLOYEE,true,E1116
U1117,1,e1117,e1117@123,EMPLOYEE,true,E1117
U1118,1,e1118,e1118@123,EMPLOYEE,true,E1118
U1119,1,e1119,e1119@123,EMPLOYEE,true,E1119
U1120,1,e1120,e1120@123,EMPLOYEE,true,E1120
U1121,1,e1121,e1121@123,EMPLOYEE,true,E1121
U1122,1,e1122,e1122@123,EMPLOYEE,true,E1122
U1123,1,e1123,e1123@123,EMPLOYEE,true,E1123
U1124,1,e1124,e1124@123,EMPLOYEE,true,E1124
U1125,1,e1125,e1125@123,EMPLOYEE,true,E1125
U1126,1,e1126,e1126@123,EMPLOYEE,true,E1126
U1127,1,e1127,e1127@123,EMPLOYEE,true,E1127
U1128,1,e1128,e1128@123,EMPLOYEE,true,E1128
U1129,1,e1129,e1129@123,EMPLOYEE,true,E1129
U1130,1,e1130,e1130@123,EMPLOYEE,true,E1130
U1131,1,e1131,e1131@123,EMPLOYEE,true,E1131
U1132,1,e1132,e1132@123,EMPLOYEE,true,E1132
U1133,1,e1133,e1133@123,EMPLOYEE,true,E1133
U1134,1,e1134,e1134@123,EMPLOYEE,true,E1134
U1135,1,e1135,e1135@123,EMPLOYEE,true,E1135
U1136,1,e1136,e1136@123,EMPLOYEE,true,E1136
U1137,1,e1137,e1137@123,EMPLOYEE,true,E1137
U1138,1,e1138,e1138@123,EMPLOYEE,true,E1138
U1139,1,e1139,e1139@123,EMPLOYEE,true,E1139
U1140,1,e1140,e1140@123,EMPLOYEE,true,E1140
U1141,1,e1141,e1141@123,EMPLOYEE,true,E1141
U1142,1,e1142,e1142@123,EMPLOYEE,true,E1142
U1143,1,e1143,e1143@123,EMPLOYEE,true,E1143
U1144,1,e1144,e1144@123,EMPLOYEE,true,E1144
U1145,1,e1145,e1145@123,EMPLOYEE,true,E1145
U1146,1,e1146,e1146@123,EMPLOYEE,true,E1146
U1147,1,e1147,e1147@123,EMPLOYEE,true,E1147
U1148,1,e1148,e1148@123,EMPLOYEE,true,E1148
U1149,1,e1149,e1149@123,EMPLOYEE,true,E1149
U1150,1,e1150,e1150@123,EMPLOYEE,true,E1150
U1151,1,e1151,e1151@123,EMPLOYEE,true,E1151
U1152,1,e1152,e1152@123,EMPLOYEE,true,E1152
U1153,1,e1153,e1153@123,EMPLOYEE,true,E1153
U1154,1,e1154,e1154@123,EMPLOYEE,true,E1154
U1155,1,e1155,e1155@123,EMPLOYEE,true,E1155
U1156,1,e1156,e1156@123,EMPLOYEE,true,E1156
U1157,1,e1157,e1157@123,EMPLOYEE,true,E1157
U1158,1,e1158,e1158@123,EMPLOYEE,true,E1158
U1159,1,e1159,e1159@123,EMPLOYEE,true,E1159
U1160,1,e1160,e1160@123,EMPLOYEE,true,E1160
U1161,1,e1161,e1161@123,EMPLOYEE,true,E1161
U1162,1,e1162,e1162@123,EMPLOYEE,true,E1162
U1163,1,e1163,e1163@123,EMPLOYEE,true,E1163
U1164,1,e1164,e1164@123,EMPLOYEE,true,E1164
U1165,1,e1165,e1165@123,EMPLOYEE,true,E1165
U1166,1,e1166,e1166@123,EMPLOYEE,true,E1166
U1167,1,e1167,e1167@123,EMPLOYEE,true,E1167
U1168,1,e1168,e1168@123,EMPLOYEE,true,E1168
U1169,1,e1169,e1169@123,EMPLOYEE,true,E1169
U1170,1,e1170,e1170@123,EMPLOYEE,true,E1170
U1171,1,e1171,e1171@123,EMPLOYEE,true,E1171
U1172,1,e1172,e1172@123,EMPLOYEE,true,E1172
U1173,1,e1173,e1173@123,EMPLOYEE,true,E1173
U1174,1,e1174,e1174@123,EMPLOYEE,true,E1174
U1175,1,e1175,e1175@123,EMPLOYEE,true,E1175
U1176,1,e1176,e1176@123,EMPLOYEE,true,E1176
U1177,1,e1177,e1177@123,EMPLOYEE,true,E1177
U1178,1,e1178,e1178@123,EMPLOYEE,true,E1178
U1179,1,e1179,e1179@123,EMPLOYEE,true,E1179
U1180,1,e1180,e1180@123,EMPLOYEE,true,E1180
U1181,1,e1181,e1181@123,EMPLOYEE,true,E1181
U1182,1,e1182,e1182@123,EMPLOYEE,true,E1182
U1183,1,e1183,e1183@123,EMPLOYEE,true,E1183
U1184,1,e1184,e1184@123,EMPLOYEE,true,E1184
U1185,1,e1185,e1185@123,EMPLOYEE,true,E1185
U1186,1,e1186,e1186@123,EMPLOYEE,true,E1186
U1187,1,e1187,e1187@123,EMPLOYEE,true,E1187
U1188,1,e1188,e1188@123,EMPLOYEE,true,E1188
U1189,1,e1189,e1189@123,EMPLOYEE,true,E1189
U1190,1,e1190,e1190@123,EMPLOYEE,true,E1190
U1191,1,e1191,e1191@123,EMPLOYEE,true,E1191
U1192,1,e1192,e1192@123,EMPLOYEE,true,E1192
U1193,1,e1193,e1193@123,EMPLOYEE,true,E1193
U1194,1,e1194,e1194@123,EMPLOYEE,true,E1194
U1195,1,e1195,e1195@123,EMPLOYEE,true,E11950
U1196,1,e1196,e1196@123,EMPLOYEE,true,E1196
U1197,1,e1197,e1197@123,EMPLOYEE,true,E1197
U1198,1,e1198,e1198@123,EMPLOYEE,true,E1198
U1199,1,e1199,e1199@123,EMPLOYEE,true,E1199
U1200,1,e1200,e1200@123,EMPLOYEE,true,E1200
U1201,1,trieuvy,trieuvy2006,EMPLOYEE,true,E1201
U1202,1,admin,admin123,ADMIN,true,
U1203,1,hr,hr123,HR,true,
